timestamp,video_id,status,task_id,error
2025-05-03 02:54:35,6801e1f737531cfdb703cdcb,retrieved,6801e1f737531cfdb703cdcb,
2025-05-03 02:57:53,6801e1f737531cfdb703cdcb,retrieved,6801e1f737531cfdb703cdcb,
2025-05-03 17:44:33,6801e1f737531cfdb703cdcb,retrieved,6801e1f737531cfdb703cdcb,
2025-05-03 17:44:54,6801e1f737531cfdb703cdcb,retrieved,6801e1f737531cfdb703cdcb,
2025-05-03 17:49:54,6801e1f737531cfdb703cdcb,retrieved,6801e1f737531cfdb703cdcb,
2025-05-03 17:52:24,6801e1f737531cfdb703cdcb,retrieved,6801e1f737531cfdb703cdcb,
2025-05-03 17:57:24,6801e1f737531cfdb703cdcb,retrieved,6801e1f737531cfdb703cdcb,
2025-05-03 17:58:02,6801e1f737531cfdb703cdcb,retrieved,6801e1f737531cfdb703cdcb,
2025-05-03 18:16:30,6801e1f737531cfdb703cdcb,retrieved,6801e1f737531cfdb703cdcb,
2025-05-03 18:18:02,6801e1f737531cfdb703cdcb,retrieved,6801e1f737531cfdb703cdcb,
2025-05-03 18:27:11,6801e1f737531cfdb703cdcb,retrieved,6801e1f737531cfdb703cdcb,
2025-05-03 18:27:52,6801e1f737531cfdb703cdcb,retrieved,6801e1f737531cfdb703cdcb,
2025-05-03 18:36:46,6801e1f737531cfdb703cdcb,retrieved,6801e1f737531cfdb703cdcb,
